{"wide_input": [[0.5151193101979245, -1.0762331540058585, 0.22773076350874744, 0.34041946972267967, -0.8136884879710939, 0.53406460482118, -0.6419323192262189, -0.4470407251283147, -0.3282610141364265, -0.7024447375440576, 1.5403709900750095]], "deep_input": [[0.5151193101979245, -1.0762331540058585, 0.22773076350874744, 0.34041946972267967, -0.8136884879710939, 0.53406460482118, -0.6419323192262189, -0.4470407251283147, -0.3282610141364265, -0.7024447375440576, 1.5403709900750095]]}